1,Rafale M,78000000
2,"Titre de Lord de Sealand",37
3,Vidéoprojecteur Vivitek,2500
4,Pelle 14 fonctions,36
5,Scooter Bar,885
6,Mentos - Boîte de 40 rouleaux - goût fruit,24
7,Spa Gonflable carré,449
8,Une M2 à l'Epita,10168
9,LIVOO DOC159 APPAREIL A RACLETTE TRADITIONNEL,30
10,Citron caviar : 1kg,160
11,Disney La Reine des Neiges 2 - Poupee mannequin Princesse Disney - 27 cm,12
12,Evier aquarium,3820
13,Sandales poisson,42
14,Enceinte Multi-Room Devialet Phantom Sans Fil,1790
15,Le Jules Verne (Tour Eiffel) - Menu Dégustation 5 plats dîner,190
16,Mémoires de Jacques Chirac Tome 1 Broché,22
17,Kit Prêt à Pousser pour cultiver des champignons - Pleurotes jaunes,25
18,Champagne Bollinger R.D 2002 75 cl,189
19,Support de Brosse à Dents avec Ventouse,1
20,Saxophone soprano courbé EAGLETONE ROAD CSS100,429